{"loss": 0.02809423953294754, "accuracy": 0.9892473220825195}