{"loss": 0.11329920589923859, "accuracy": 0.9462365508079529}